<?xml version="1.0" encoding="UTF-8"?>
<project-private xmlns="http://www.netbeans.org/ns/project-private/1">
    <editor-bookmarks xmlns="http://www.netbeans.org/ns/editor-bookmarks/2" lastBookmarkId="0"/>
    <open-files xmlns="http://www.netbeans.org/ns/projectui-open-files/2">
        <group>
            <file>file:/E:/SEWA/HUMAN%20RESOURCE/RANJAN%20JI/DistributedSearch_v2/src/SearchClient_v4.java</file>
            <file>file:/E:/SEWA/HUMAN%20RESOURCE/RANJAN%20JI/DistributedSearch_v2/src/ProjectWindow.java</file>
            <file>file:/E:/SEWA/HUMAN%20RESOURCE/RANJAN%20JI/DistributedSearch_v2/src/search/LuceneTester.java</file>
        </group>
    </open-files>
</project-private>
